{"geometries":[{"type":"Sphere","properties":{"c":{"x":0.0,"y":0.0,"z":0.0,"w":1.0},"r":0.5}}],"camera":{"pos":{"x":0.0,"y":0.0,"z":-10.0,"w":1.0},"lookAt":{"x":1.0,"y":1.0,"z":0.0,"w":1.0},"fov":0.19198621771937624,"width":600,"height":600,"pixelSize":3.209634939917954E-4,"vpn":{"x":0.09901475429766744,"y":0.09901475429766744,"z":0.9901475429766744,"w":0.0},"up":{"x":-0.009852336290568345,"y":0.9950859653474029,"z":-0.09852336290568346,"w":0.0},"right":{"x":0.9950371902099892,"y":0.0,"z":-0.09950371902099892,"w":0.0}}}