{"geometries":[{"type":"Sphere","properties":{"c":{"x":0.0,"y":0.0,"z":0.0,"w":1.0},"r":0.5}}],"camera":{"pos":{"x":10.0,"y":10.0,"z":-10.0,"w":1.0},"lookAt":{"x":0.0,"y":0.0,"z":0.0,"w":1.0},"fov":0.05759586531581287,"width":600,"height":600,"pixelSize":9.60196540301319E-5,"vpn":{"x":-0.5773502691896257,"y":-0.5773502691896257,"z":0.5773502691896257,"w":0.0},"up":{"x":-0.408248290463863,"y":0.816496580927726,"z":0.408248290463863,"w":0.0},"right":{"x":0.7071067811865475,"y":-0.0,"z":0.7071067811865475,"w":0.0}}}